{"cameraMode":{"drawMode":0,"name":"Shaded","section":"Shading Mode"},"sceneLighting":true,"audioPlay":false,"sceneViewState":{"showFog":true,"showMaterialUpdate":true,"showSkybox":true,"showFlares":true,"showImageEffects":true,"showParticleSystems":true},"in2DMode":false,"pivot":{"x":69.60274505615235,"y":-84.28494262695313,"z":45.74816131591797},"rotation":{"x":-0.052002426236867908,"y":-0.8432925939559937,"z":0.5284785032272339,"w":-0.08297346532344818},"size":77.69833374023438,"orthographic":false}