{"cameraMode":{"drawMode":0,"name":"Shaded","section":"Shading Mode"},"sceneLighting":false,"audioPlay":false,"sceneViewState":{"showFog":true,"showMaterialUpdate":true,"showSkybox":false,"showFlares":true,"showImageEffects":true,"showParticleSystems":true},"in2DMode":false,"pivot":{"x":0.0,"y":0.5060451030731201,"z":0.00014516711235046387},"rotation":{"x":-0.0033075667452067138,"y":-0.9869187474250794,"z":0.16008880734443665,"w":-0.020366299897432329},"size":0.6397691369056702,"orthographic":false}