{"cameraMode":{"drawMode":0,"name":"Shaded","section":"Shading Mode"},"sceneLighting":true,"audioPlay":false,"sceneViewState":{"showFog":true,"showMaterialUpdate":true,"showSkybox":true,"showFlares":true,"showImageEffects":true,"showParticleSystems":true},"in2DMode":false,"pivot":{"x":63.167396545410159,"y":-3.117666244506836,"z":32.847049713134769},"rotation":{"x":-0.15710128843784333,"y":-0.02763098105788231,"z":0.004373009782284498,"w":-0.9872274398803711},"size":10.881388664245606,"orthographic":false}