{"cameraMode":{"drawMode":0,"name":"Shaded","section":"Shading Mode"},"sceneLighting":true,"audioPlay":false,"sceneViewState":{"showFog":true,"showMaterialUpdate":true,"showSkybox":true,"showFlares":true,"showImageEffects":true,"showParticleSystems":true},"in2DMode":false,"pivot":{"x":60.34653854370117,"y":2.0273780822753908,"z":24.814390182495118},"rotation":{"x":0.006708406377583742,"y":-0.9933291673660278,"z":0.0809478908777237,"w":0.0825774222612381},"size":1.7064893245697022,"orthographic":false}