{"cameraMode":{"drawMode":0,"name":"Shaded","section":"Shading Mode"},"sceneLighting":true,"audioPlay":false,"sceneViewState":{"showFog":true,"showMaterialUpdate":true,"showSkybox":true,"showFlares":true,"showImageEffects":true,"showParticleSystems":true},"in2DMode":false,"pivot":{"x":5.843479156494141,"y":-59.130104064941409,"z":28.42749786376953},"rotation":{"x":0.23618727922439576,"y":-0.7533836364746094,"z":0.3558855950832367,"w":0.4999948740005493},"size":46.08909606933594,"orthographic":false}