{"cameraMode":{"drawMode":0,"name":"Shaded","section":"Shading Mode"},"sceneLighting":true,"audioPlay":false,"sceneViewState":{"showFog":true,"showMaterialUpdate":true,"showSkybox":true,"showFlares":true,"showImageEffects":true,"showParticleSystems":true},"in2DMode":false,"pivot":{"x":50.11555480957031,"y":-2.283043384552002,"z":41.89971923828125},"rotation":{"x":-0.1128871738910675,"y":-0.886480987071991,"z":0.29649221897125246,"w":-0.3371095061302185},"size":12.947908401489258,"orthographic":false}