{"cameraMode":{"drawMode":0,"name":"Shaded","section":"Shading Mode"},"sceneLighting":true,"audioPlay":false,"sceneViewState":{"showFog":true,"showMaterialUpdate":true,"showSkybox":true,"showFlares":true,"showImageEffects":true,"showParticleSystems":true},"in2DMode":false,"pivot":{"x":46.77167510986328,"y":0.04590940475463867,"z":50.55000305175781},"rotation":{"x":0.10946641862392426,"y":-0.8905312418937683,"z":0.3173300623893738,"w":0.3072006404399872},"size":9.128047943115235,"orthographic":false}