{"cameraMode":{"drawMode":0,"name":"Shaded","section":"Shading Mode"},"sceneLighting":true,"audioPlay":false,"sceneViewState":{"showFog":true,"showMaterialUpdate":false,"showSkybox":true,"showFlares":true,"showImageEffects":true,"showParticleSystems":true},"in2DMode":false,"pivot":{"x":51.60323715209961,"y":-2.3955917358398439,"z":48.978721618652347},"rotation":{"x":0.013442781753838063,"y":-0.8979247808456421,"z":0.43908628821372988,"w":0.027491537854075433},"size":21.394622802734376,"orthographic":false}