{"cameraMode":{"drawMode":0,"name":"Shaded","section":"Shading Mode"},"sceneLighting":true,"audioPlay":false,"sceneViewState":{"showFog":true,"showMaterialUpdate":true,"showSkybox":true,"showFlares":true,"showImageEffects":true,"showParticleSystems":true},"in2DMode":false,"pivot":{"x":36.689727783203128,"y":-2.784390449523926,"z":50.383060455322269},"rotation":{"x":-0.10813550651073456,"y":0.8543608784675598,"z":-0.19717095792293549,"w":-0.468563437461853},"size":11.721158027648926,"orthographic":false}